date_sunday,Geography,lowespos.pos_qty,lowespos.sales_lowes_bw,rtop_instapost_o.impressions,rtop_instapost_o.engagement,rtop_instapost_o.likes,rtop_instapost_o.comments,rtop_instapost_o.direct_message,rtop_instapost_o.saves,rtop_instapost_o.views,rtop_instapost_o.hashtags,rtop_instapost_o.follows,rtop_instastory_o.impressions,rtop_instastory_o.clicks,rtop_instastory_o.interactions,rtop_twitterpost_o.impressions,rtop_twitterpost_o.engagement,rtop_twitterpost_o.likes,rtop_twitterpost_o.replies,rtop_twitterpost_o.retweets,rtop_twitterpost_o.clicks,rtop_twitterpost_o.views,rtop_fbpost_o.impressions,rtop_fbpost_o.engagements,rtop_fbpost_o.likes,rtop_fbpost_o.comments,rtop_fbpost_o.shares,rtop_fbpost_o.clicks,rtop_fbpost_o.video_views,fbadman_fbads_p.impressions,fbadman_fbads_p.reach,fbadman_fbads_p.amount_spent_usd,fbadman_fbads_p.clicks,fbadman_fbads_p.landing_page_views,merkle_email_p.n_sent,merkle_email_p.n_clicks,merkle_email_p.n_unsub,merkle_email_p.n_bounces,merkle_email_p.n_opens,GA_search_p.newUsers,GA_search_p.organicSearches,GA_search_p.sessions,GA_search_p.hits,GA_search_p.impressions,GA_search_p.adClicks,GA_search_p.adCost,GA_search_p.bounceRate,lowes_comaek_p.BANNER AD ON CATEGORY PAGE_impr,lowes_comaek_p.BANNER AD ON LOWES.COM_impr,lowes_comaek_p.BANNER AD ON LOWESFORPROS.COM_impr,lowes_comaek_p.CATEGORY BANNER AD ON LOWES.COM_impr,lowes_comaek_p.CATEGORY LEVEL SEARCH_impr,lowes_comaek_p.CATEGORY TEXT_impr,lowes_comaek_p.DIGITAL RETARGETING_impr,lowes_comaek_p.DISPLAY_impr,lowes_comaek_p.DISPLAY RETARGETING_impr,lowes_comaek_p.DIY EMAIL_impr,lowes_comaek_p.DIY RADIO_impr,lowes_comaek_p.EMAIL_impr,lowes_comaek_p.EVENT SIGNAGE_impr,lowes_comaek_p.FLIPP_impr,lowes_comaek_p.HOME PAGE BANNER AD ON LOWESFORPROS.COM_impr,lowes_comaek_p.PRO EMAIL_impr,lowes_comaek_p.PRO RADIO_impr,lowes_comaek_p.SEARCH_impr,lowes_comaek_p.SHOPPING SEARCH ADS_impr,lowes_comaek_p.SOCIAL_impr,lowes_comaek_p.STREAMING AUDIO_impr,lowes_comaek_p.TAB_impr,corp_gum_social.views,corp_gum_social.engagements,corp_gum_broadcast.exposures,corp_gum_broadcast.duration,corp_mlb_broadcast.exposures,corp_mlb_social.total_likes,corp_mlb_social.total_comments,corp_mlb_social.total_shares,ext.avg_weekly_wage_rate,ext.inflation_rate_All_Urban_Consumers_Chained_CPI,ext.no_of_holidays,ext.Active_covid_cases,ext.Confirmed_covid_cases,ext.covid_Deaths,ext.covid_Recoveries,lowes_prom.rsa_nlp,lowes_prom.rsa_bogo,lowes_prom.rsa_dotd,lowes_prom.rsa_spv,lowes_prom.rsa_other,lowes_prom.rsa_pcr,lowes_prom.rsa_blanket,lowes_prom.rsa_rsa,unempl_rate,rtop_instapost_o.impressions_adstock,rtop_twitterpost_o.impressions_adstock,rtop_instapost_o.impressions_saturated,rtop_twitterpost_o.impressions_saturated,rtop_instapost_o.impressions_lag1,rtop_instapost_o.impressions_lag2,rtop_twitterpost_o.impressions_lag1,rtop_twitterpost_o.impressions_lag2
01-06-2019,Africa,,,1.6161331071547211,10730,10151,214,125,240,9151,6228,54,0,0,0,-0.2475570519938464,128,33,4,5,4,0,174618,1156,934,133,89,0,20024,1315734,957597,5339.72,10947,4172,185634,6045,148,2050,42929,54826,34949,74813,318617,0,0,0.0,0.492868799,0,0.0,0,0,0,0,0.0,0.0,0,0.0,0,0,0.0,0,0,0,0,0.0,0,0,0.0,0,0.0,0.0,0,0,0,0,0,0,1075.584906,0.213127827,0,0,0,0,0,0.0,0.0,0.0,0.0,0.0,82825.00081,0.0,0.0,3.6,229758.0,6018.0,479.3307834888137,77.57576941287789,,,,
13-01-2019,Asia,248060.0,5962846.6,0.5576007980099768,7595,7185,156,99,155,5388,1535,16,0,0,0,-0.19658898231224367,374,69,3,10,15,463,204063,989,875,85,29,10200,11054,1679510,1204203,8418.97,22631,12198,336700,18839,156,1116,66656,63539,35471,83916,337872,0,0,0.0,0.520063119,0,0.0,0,0,0,0,0.0,0.0,0,0.0,0,0,0.0,0,0,0,0,0.0,0,0,0.0,0,0.0,0.0,0,0,0,0,0,0,1075.584906,0.213127827,0,0,0,0,0,0.0,0.0,0.0,0.0,0.0,82825.00081,0.0,0.0,4.0,306443.8,17351.8,553.5736626683029,131.72623125254893,229758.0,,6018.0,
20-01-2019,Europe,244539.0,5769377.35,1.16120077419021,9637,9243,147,39,208,0,1972,23,0,0,0,-0.26204959129473976,134,11,0,2,7,0,74924,280,234,35,11,1677,0,1389351,987867,7403.52,13737,6606,207023,12048,159,2888,55699,58758,34877,79326,331990,0,0,0.0,0.478006183,0,0.0,0,0,0,0,0.0,0.0,0,0.0,0,0,0.0,0,0,0,0,0.0,0,0,0.0,0,0.0,0.0,0,0,0,0,0,0,1075.584906,0.213127827,1,0,0,0,0,0.0,0.0,0.0,0.0,0.0,82825.00081,0.0,0.0,4.0,387335.28,14233.08,622.3626595482734,119.3024727321274,168589.0,229758.0,13741.0,6018.0
27-01-2019,North America,244386.0,5834679.08,-0.33696620797227594,4710,4501,71,12,126,0,2125,7,0,0,0,0.11130488314489646,1246,217,12,28,77,0,139242,613,502,79,32,1631,0,1474164,1127654,8338.93,12112,6111,50519,6899,122,577,28519,54584,33075,73140,301240,10828,1553,1555.59,0.495877805,0,0.0,0,0,0,0,0.0,0.0,0,0.0,0,0,0.0,0,0,0,0,0.0,0,0,0.0,0,0.0,0.0,0,0,0,0,0,0,1075.584906,0.213127827,0,0,0,0,0,24710.73077,11340.0,87.5,0.0,9807.692308,93744.9803,3076.923077,0.0,4.0,349296.168,68934.848,591.0128323479956,262.55446673023863,203469.0,168589.0,3822.0,13741.0
02-03-2019,South America,259541.0,6145476.51,0.9072492360467203,7530,7183,137,22,188,4339,4359,51,23782,209,263,-0.21770743666691528,136,30,3,5,0,813,201156,2008,1557,193,258,0,17487,598772,445446,3487.01,4062,1242,222524,14151,175,1015,65487,50941,31368,70960,282139,39613,4845,4865.79,0.503585173,0,0.0,0,0,0,0,4200000.0,0.0,0,0.0,0,0,0.0,0,0,0,0,0.0,0,0,0.0,0,95232.0,5172.0,0,0,0,0,0,0,1075.584906,0.401405624,0,0,0,0,0,27044.0641,11340.0,87.5,0.0,12141.02564,85385.78414,3076.923077,0.0,3.8,398371.7008,51901.9088,631.1669357626396,227.8199043104004,116895.0,203469.0,60395.0,3822.0
02-10-2019,Africa,257132.0,6233340.12,0.11360525360469456,6263,4469,1593,72,129,10454,6264,72,0,0,0,1.3604218611218062,6793,1202,1522,339,945,40316,503119,4769,3582,889,298,7275,62407,1074082,828364,6184.54,12820,7644,222649,16943,143,1097,66696,56192,32183,77107,315327,47605,5638,4921.01,0.506663662,0,0.0,0,0,0,0,4200000.0,0.0,0,0.0,0,0,0.0,0,0,0,0,0.0,0,0,0.0,0,114365.0,8835.0,0,0,0,0,0,0,1075.584906,0.401405624,0,0,0,0,0,27044.0641,11340.0,87.5,0.0,12141.02564,85385.78414,3076.923077,0.0,3.6,381955.02047999995,280810.14528,618.0250969661345,529.9152246161644,188794.0,116895.0,10541.0,60395.0
17-02-2019,Asia,274546.0,6437756.28,1.691946510126212,8604,8206,115,41,242,23312,2201,70,0,0,0,-0.2395914349919437,225,35,1,3,26,0,94098,358,243,100,15,1357,0,1048759,792138,5918.57,9930,5984,223685,14991,161,2356,68054,62099,33078,85847,376370,47548,5628,4690.92,0.506436329,0,0.0,0,0,0,0,4200000.0,0.0,0,0.0,0,0,0.0,0,0,0,0,0.0,0,0,0.0,0,122489.0,12708.0,6,18,0,0,0,0,1075.584906,0.401405624,1,0,0,0,0,27044.0641,11340.0,87.5,0.0,12141.02564,85385.78414,3076.923077,0.0,3.8,463312.01228799997,175711.087168,680.6702669339979,419.1790633702976,142932.0,188794.0,249669.0,10541.0
24-02-2019,Europe,289446.0,6785919.37,-0.20506715354435917,3779,3623,55,50,51,0,2191,5,0,0,0,-0.060949109702379545,904,99,5,12,27,0,51772,221,185,33,3,1294,0,690022,539059,3998.09,6731,3897,223985,8235,165,2014,53936,58126,33281,80416,350389,51749,6419,4682.64,0.524571803,0,0.0,0,0,0,0,4200000.0,0.0,0,0.0,0,0,0.0,0,0,0,0,0.0,0,0,0.0,0,69881.0,226.0,0,0,0,0,0,0,1075.584906,0.401405624,0,0,0,0,0,37476.89744,11340.0,87.5,0.0,12141.02564,180200.0771,3076.923077,0.0,3.8,402504.2073728,139720.6523008,634.4321928880973,373.7922582141048,234139.0,142932.0,7225.0,249669.0
03-03-2019,North America,324426.0,7804684.44,-0.12169144582542674,4578,4367,69,67,75,0,2083,10,0,0,0,-0.1789550729260929,532,78,6,16,20,0,75269,515,412,91,12,3309,0,1305714,978657,8417.96,11036,7517,221625,6482,167,277,52611,59736,34088,81430,363125,78808,7290,6342.29,0.504204841,0,0.0,0,0,0,0,4200000.0,0.0,0,0.0,0,0,0.0,0,0,0,0,0.0,0,0,0.0,0,25119.0,7685.0,0,0,0,0,0,0,1075.584906,0.509219968,0,0,0,0,0,37476.89744,11340.0,87.5,0.0,12141.02564,180200.0771,3076.923077,0.0,3.8,370837.52442368,100245.39138048,608.9643047204655,316.61552612037207,124517.0,234139.0,34294.0,7225.0
03-10-2019,South America,360337.0,8407546.04,-0.9328481339983697,3165,3039,45,14,67,7165,2760,19,27446,107,150,-0.13174872792641606,514,139,8,23,27,835,115233,1058,907,90,61,6389,24553,1905165,1534271,11792.95,17358,13029,221292,6602,126,578,56683,70163,36001,93251,364478,92646,7600,5735.1,0.538641655,0,0.0,0,0,0,0,0.0,0.0,0,0.0,0,0,0.0,0,0,0,0,0.0,0,0,0.0,0,1718657.0,22497.0,0,0,0,0,0,0,1075.584906,0.509219968,0,0,0,0,0,37476.89744,11340.0,87.5,0.0,12141.02564,180200.0771,3076.923077,0.0,3.6,304963.514654208,83713.234828288,552.2350175914308,289.3323950550439,129335.0,124517.0,16413.0,34294.0
17-03-2019,Africa,394639.0,9162987.28,0.06184586344543201,6806,6429,85,86,206,9147,3918,35,70889,126,2167,-0.11471537458597625,585,102,3,10,11,4751,104220,511,423,65,23,1756,10438,1217545,872176,9038.52,12842,10025,220996,8394,114,1322,53894,71872,39587,97273,549398,106856,9762,6998.91,0.104617536,0,0.0,0,0,0,0,0.0,0.0,0,0.0,0,0,0.0,0,0,0,0,0.0,0,0,0.0,0,392298.5,13006.0,7,36,0,0,0,0,1075.584906,0.509219968,0,0,0,0,0,37476.89744,11340.0,87.5,0.0,12141.02564,178166.7437,3076.923077,0.0,3.8,322919.1087925248,76374.9408969728,568.259719487951,276.3601651775682,82461.0,129335.0,23566.0,16413.0
24-03-2019,Asia,416092.0,9670519.59,-0.4870355598482789,4446,4023,81,97,245,20924,5759,34,0,0,0,-0.18142989179578098,1223,122,9,22,8,2404,58580,430,317,95,18,4068,12501,1126351,786059,8645.05,14328,10563,219823,6203,118,459,47868,74790,41243,101853,588899,117424,11010,8760.99,0.012599434,0,160000.0,0,0,0,0,0.0,0.0,0,0.0,0,0,9150000.0,0,0,0,0,0.0,0,0,0.0,0,285042.0,15139.0,0,0,368,15204,742,704,1075.584906,0.509219968,0,0,0,0,0,37476.89744,11340.0,87.5,0.0,12141.02564,178166.7437,3076.923077,0.0,3.8,301974.46527551487,61862.964538183674,549.5220334759243,248.72266591162068,139941.0,82461.0,26147.0,23566.0
31-03-2019,Europe,434561.0,10010037.14,0.19466208526834744,4846,4377,96,176,197,2327,1265,7,75875,4,266,0.3135800787607353,2991,331,20,57,44,8213,27170,318,261,14,43,6,2909,894314,496181,6301.02,4948,2872,219772,7974,107,275,49702,67145,42083,91865,546293,86045,6525,4581.34,0.011380474,0,160000.0,0,0,0,0,0.0,0.0,0,14700000.0,0,0,9150000.0,0,0,0,37500000,0.0,0,0,0.0,59800000,3978095.5,47971.0,31,279,2432,154619,3368,10982,1075.584906,0.509219968,0,0,0,0,0,494003.0739,11340.0,87.5,0.0,165302.7903,455933.9177,3076.923077,0.0,3.8,328800.67916530895,128162.77872291021,573.4114396882128,357.9982943016771,108223.0,139941.0,16038.0,26147.0
04-07-2019,North America,460878.0,10696293.45,-1.936004298539423,506,495,6,0,5,0,13,0,43087,4,129,-0.17856570142392864,171,67,6,10,2,0,114632,484,400,56,28,71,21640,604149,450772,3892.82,9120,5588,224209,7859,128,1902,50688,71886,44330,98425,503249,74048,6292,3372.2,0.015155512,0,0.0,0,0,0,0,0.0,0.0,0,0.0,0,0,0.0,0,0,0,0,0.0,0,0,0.0,0,567288.0,22186.33333,14,114,1354,35573,838,1716,1012.679245,0.438948478,0,0,0,0,0,486003.0739,11340.0,87.5,0.0,165302.7903,450923.9177,3076.923077,0.0,3.6,221772.40749918536,93369.66723374612,470.92717855225277,305.56450584736785,147616.0,108223.0,91045.0,16038.0
14-04-2019,South America,468140.0,11059353.89,2.577393757294044,10482,9066,183,375,858,78632,9236,107,28180,5,147,-0.12485883219320446,805,174,19,22,32,1963,70496,791,629,127,35,21442,15849,1586929,1087382,10766.32,35240,26006,7038,1484,40,179,10460,91877,45903,118394,513760,45043,3408,2067.670003,0.019533339,0,118500.0,0,0,0,0,0.0,0.0,0,13500000.0,0,0,10000000.0,0,0,0,37700000,0.0,0,0,0.0,0,20338.0,1783.0,0,0,1587,34004,185,244,1012.679245,0.438948478,0,0,0,0,0,486003.0739,11340.0,87.5,0.0,165302.7903,450923.9177,3076.923077,0.0,3.7,418369.4444995112,80631.80034024766,646.8148456084718,283.95739176898996,24492.0,147616.0,16472.0,91045.0
21-04-2019,Africa,479140.0,11206655.24,0.3652552207380934,6172,5892,99,39,142,0,989,29,13553,1,88,-0.2027991277959143,461,79,8,10,16,0,97158,286,204,72,10,2457,0,1214135,917767,8972.64,15298,12102,277028,9500,163,2175,62620,84205,45648,113995,524224,121784,8181,5135.85001,0.018543744,0,118500.0,0,0,0,0,0.0,0.0,0,0.0,0,0,10000000.0,0,0,0,0,0.0,0,0,0.0,19200000,30045.0,3066.0,0,0,2508,8034,136,895,1012.679245,0.438948478,0,0,0,0,0,435003.0739,11340.0,87.5,0.0,165302.7903,450923.9177,3076.923077,0.0,3.7,408495.6666997067,61179.080204148595,639.1366572961581,247.34405229184023,285306.0,24492.0,24610.0,16472.0
28-04-2019,Asia,480088.0,11297192.13,-2.359839465299924,0,0,0,0,0,0,0,0,0,0,0,-0.1736028646505808,277,53,1,5,18,404,122661,282,252,20,10,0,0,1095151,878041,6230.33,11193,7944,231962,16507,127,2364,61137,78807,46159,106682,488807,128670,8783,5643.48001,0.023076267,0,0.0,0,0,0,0,0.0,0.0,0,0.0,0,0,0.0,0,0,0,0,0.0,0,0,0.0,0,0.0,0.0,0,0,950,0,0,0,1012.679245,0.438948478,0,0,0,0,0,574123.2125,11340.0,87.5,0.0,165696.4844,456280.7981,3769.230769,0.0,3.7,245097.400019824,53931.44812248916,495.0731259317395,232.2314537750844,157474.0,285306.0,12800.0,24610.0
05-05-2019,Europe,533025.0,12161485.31,0.7815453877963414,7311,6657,125,173,356,20742,7102,21,75067,230,355,0.11588494793306588,921,144,6,19,9,1194,294123,3111,2264,526,321,764,0,1770597,1069274,6237.03,8152,4852,524271,19349,279,5823,110183,82590,47904,115099,571382,96684,7204,3598.790009,0.021852042,0,0.0,0,0,0,0,1038461.538,0.0,0,0.0,0,0,0.0,0,0,0,0,0.0,0,0,0.0,0,219971.0,18416.0,0,0,2126,24677,223,8823,1012.679245,0.178563984,0,0,0,0,0,148573.4051,0.0,0.0,0.0,19308.25876,409454.1519,692.3076923,0.0,3.7,328588.4400118944,93447.86887349348,573.2263427407139,305.6924416361868,0.0,157474.0,17224.0,12800.0
05-12-2019,North America,503922.0,12634402.68,0.2709254194147433,5351,4888,173,147,143,17183,5377,33,63423,54,480,0.33617682492023393,1290,317,25,68,169,2255,498353,28213,21985,2136,4092,8211,39818,3105420,2011892,9980.19,12808,6384,269363,10085,180,1132,64956,76257,46575,104634,530407,61861,4920,1710.500004,0.018240429,0,0.0,0,0,0,0,1038461.538,0.0,0,0.0,0,0,0.0,0,0,0,0,0.0,0,0,0.0,0,1306162.0,21694.0,36,279,1564,18600,981,2624,1012.679245,0.178563984,0,0,0,0,0,156013.4051,0.0,0.0,0.0,208308.2588,409454.1519,692.3076923,0.0,3.6,349176.0640071366,150537.72132409608,590.9112149952281,387.99190883843966,181530.0,0.0,61089.0,17224.0
19-05-2019,South America,513248.0,12900246.29,0.9218546941859438,7055,6688,123,62,182,0,1827,30,41948,126,306,0.04595646595115956,621,134,12,24,28,749,244216,1676,1309,229,138,8228,12739,2047435,1330671,7291.61,16178,9758,272193,9706,190,3446,61688,79773,47326,107597,529555,107622,7276,4590.63,0.018083484,0,0.0,0,0,0,0,1038461.538,0.0,0,0.0,0,0,0.0,0,0,0,15900000,0.0,0,0,0.0,0,687432.0,26351.0,0,0,1568,0,0,0,1012.679245,0.178563984,0,0,0,0,0,159513.4051,0.0,0.0,0.0,208308.2588,409454.2319,692.3076923,0.0,3.7,399143.6384042819,140815.63279445766,631.7781560043699,375.2540909763112,152023.0,181530.0,94469.0,61089.0
26-05-2019,Africa,540869.0,13737791.68,0.0647877211275031,5748,5572,59,25,92,0,4921,13,31853,92,204,-0.04084038144654069,524,160,0,21,10,0,0,0,0,0,0,0,0,3471047,1870388,11563.09,12172,6090,285146,13851,201,961,68866,100211,46806,131524,624193,159531,8397,8013.81,0.022742065,0,79333.33333,0,0,0,0,1038461.538,0.0,0,0.0,127600000,0,6233333.333,0,0,0,0,0.0,0,0,0.0,0,252034.0,10131.0,0,0,1798,2200,199,284,1012.679245,0.178563984,1,0,0,0,0,335550.8551,3744.409091,0.0,0.0,19580.98603,802009.9342,692.3076923,0.0,3.7,379597.18304256914,121830.3796766746,616.1145859680398,349.04208868942237,189638.0,152023.0,50493.0,94469.0
06-02-2019,Asia,559909.0,14841610.29,-1.2023742128116477,2368,2269,15,56,28,0,1255,5,0,0,0,-0.08715579165312982,631,74,1,10,15,0,47887,948,764,145,39,1875,0,2732031,1235238,9919.8,12477,8372,287730,12962,161,835,69431,91046,47861,123162,571033,154764,9887,7814.98,0.021602069,0,79333.33333,298500,0,0,0,1038461.538,0.0,0,0.0,127600000,0,6233333.333,0,0,374000,62300000,0.0,0,0,0.0,23650000,1428357.0,18733.0,0,0,2999,8800,511,663,1012.679245,0.041613782,0,0,0,0,0,355950.8551,3744.409091,0.0,0.0,96230.98603,802009.9342,692.3076923,0.0,3.8,294644.30982554145,103421.22780600475,542.8114864532082,321.5917097905429,140111.0,189638.0,37341.0,50493.0
06-09-2019,Europe,584066.0,15295748.24,-0.14751057324689773,5255,5019,77,34,125,0,2374,10,0,0,0,0.0058907983301560475,1062,118,6,10,18,0,124769,426,382,34,10,0,0,2593237,1202716,10031.47,12096,8022,151234,12105,278,1186,53538,89853,50103,122117,593678,154553,11045,8430.61,0.022264909,0,79333.33333,298500,0,0,0,1038461.538,0.0,0,16300000.0,0,0,6233333.333,0,0,0,31200000,0.0,0,0,0.0,23650000,1389106.0,23038.0,45,324,2838,5800,159,423,1012.679245,0.041613782,0,0,0,0,0,383325.8551,3744.409091,0.0,0.0,88730.98603,805009.9342,692.3076923,0.0,3.5,304629.5858953248,106474.73668360285,551.9325918038586,326.3046684980202,66886.0,140111.0,30323.0,37341.0
16-06-2019,North America,607980.0,16790154.33,1.2254371019304917,7991,7055,649,55,232,0,3036,35,82009,203,317,0.5446621660197434,3546,628,546,169,616,13585,76010,1155,592,483,80,412,11075,3686602,2042971,15709.14,26548,19457,335426,12080,311,1479,81439,93621,47360,127834,613275,143633,9862,8365.66,0.020180213,0,0.0,0,0,0,0,1038461.538,0.0,0,0.0,0,0,0.0,0,0,0,0,0.0,0,0,0.0,0,470361.0,9904.0,0,0,1745,89998,981,3799,1012.679245,0.041613782,0,0,0,0,0,553328.3551,3744.409091,0.0,0.0,88730.98603,805009.9342,692.3076923,0.0,3.6,389958.7515371949,189944.84201016172,624.4667737655823,435.82661920787,127843.0,66886.0,44422.0,30323.0
23-06-2019,South America,577896.0,15209744.92,-0.9505858053167395,2469,2358,51,14,46,0,1211,5,58031,77,237,-0.0389133224866769,558,118,12,16,50,5301,46290,847,619,180,48,4578,4666,3401538,2052668,15223.49,31172,23619,320116,12624,209,957,77376,101326,48911,136260,615911,135081,8836,8133.59,0.021472416,0,0.0,0,0,0,0,1038461.538,0.0,0,0.0,0,0,0.0,0,0,0,0,0.0,0,0,0.0,0,664078.0,13320.0,7,69,1147,24846,231,473,1012.679245,0.041613782,0,0,0,0,0,553328.3551,3744.409091,0.0,0.0,72230.98603,763797.813,692.3076923,0.0,3.6,315411.2509223169,151599.90520609703,561.614859955038,389.3583249477235,207181.0,127843.0,126060.0,44422.0
30-06-2019,Africa,533852.0,12387945.34,0.8225929549838275,6536,6029,102,137,268,0,15971,52,0,0,0,9.439431763875113,537,111,5,15,18,0,52866,331,263,54,14,0,0,2497093,1432501,9907.75,26587,19650,320949,12858,267,1124,84952,90179,47014,121553,552147,13642,1093,940.45,0.029578951,0,0.0,0,0,0,0,1038461.538,0.0,0,0.0,0,0,0.0,0,0,0,0,0.0,0,0,0.0,0,30993.0,1163.0,0,0,1178,0,0,0,1012.679245,0.041613782,1,0,0,0,0,553328.3551,3744.409091,0.0,0.0,72250.60142,783103.6954,692.3076923,0.0,3.6,373148.7505533901,1564810.9431236582,610.8590267429877,1250.924035712664,81436.0,207181.0,37633.0,126060.0
07-07-2019,Asia,552227.0,13673615.37,-0.5735261757011689,2850,2712,28,26,84,4570,3354,40,50569,381,444,0.7845216108699118,906,112,8,24,294,5219,0,0,0,0,0,0,0,2675002,1789140,13035.82,34186,24935,322975,10816,237,769,68072,94144,46466,125724,408821,31228,3087,1904.27,0.455843742,0,0.0,0,0,0,0,1038461.538,0.0,0,0.0,0,0,0.0,0,0,0,0,0.0,0,0,0.0,0,581827.0,8485.0,11,123,874,6680,166,557,1017.0,0.115083574,0,0,0,0,0,532710.3995,3744.409091,0.0,0.0,72250.60142,430595.4695,692.3076923,0.0,3.6,327114.2503320341,1101291.5658741947,571.9390267607502,1049.4243974075478,183902.0,81436.0,1473851.0,37633.0
14-07-2019,Europe,520103.0,12206066.99,0.5782976320556064,6541,5986,145,104,306,7564,5096,69,91718,84,364,0.2363459314755098,480,100,13,15,3,0,31598,131,108,17,6,0,5964,2580994,1661918,12987.99,34273,26503,799525,32365,338,4782,114528,114296,45596,156432,547085,78954,6848,5336.91,0.475639344,0,0.0,0,0,0,0,1038461.538,0.0,0,0.0,0,0,0.0,0,0,0,31900000,0.0,0,0,0.0,0,10298390.0,80874.33333,0,0,1701,0,0,0,1017.0,0.115083574,0,0,0,0,0,475935.3995,3744.409091,0.0,0.0,30850.60142,430595.4695,692.3076923,0.0,3.6,366053.5501992204,740116.9395245168,605.0235947458747,860.3004937372272,103225.0,183902.0,162405.0,1473851.0
21-07-2019,North America,555165.0,13662161.13,-0.18800437898834685,6193,5641,70,216,266,0,8726,113,0,0,0,-0.0863572500978438,199,25,1,5,2,0,116719,898,717,117,64,716,0,2238918,1639107,9936.01,34938,27748,10329,6297,150,351,24130,99331,45825,133004,468770,79959,7623,5941.7,0.45810923,0,0.0,0,0,0,0,1038461.538,0.0,0,0.0,0,0,0.0,0,0,0,0,0.0,0,0,0.0,0,46418.0,2881.0,0,0,1193,0,0,0,1017.0,0.115083574,0,0,0,0,0,468495.3995,3744.409091,0.0,0.0,30850.60142,430595.4695,692.3076923,0.0,3.6,345135.13011953223,474514.1637147101,587.4820253586762,688.8498847460962,169785.0,103225.0,79342.0,162405.0
28-07-2019,South America,564806.0,13815768.1,-0.2686285845222834,4145,3941,54,22,128,28091,1522,21,0,0,0,-0.08345346262407646,373,65,0,6,4,3434,0,0,0,0,0,0,0,1437554,1133714,6080.23,20310,14780,333637,8965,205,1198,69773,80137,43417,109600,371959,38811,4427,2637.79,0.50475763,0,0.0,0,0,0,0,1038461.538,0.0,0,0.0,0,0,0.0,0,0,0,0,0.0,0,0,0.0,0,38361.0,2171.0,0,0,1777,0,0,0,1017.0,0.115083574,0,0,0,0,0,476021.938,9434.13986,0.0,0.0,76035.14125,517443.259,692.3076923,8469.415385,3.6,327925.0780717193,315592.49822882604,572.6474291147384,561.7761994147011,125503.0,169785.0,30444.0,79342.0
08-04-2019,Africa,598730.0,14146151.26,-1.1823176654379983,2215,2129,17,33,36,0,1106,13,22821,233,266,-0.24429029108585815,234,37,0,3,1,0,57020,238,204,30,4,0,0,1146036,885335,6084.71,15835,10704,335745,10706,229,882,64825,78776,43493,108328,392159,37169,5613,2308.35,0.483032767,0,0.0,0,0,0,0,353846.1538,0.0,0,0.0,0,0,0.0,0,0,0,0,0.0,0,0,0.0,0,34926.0,1088.0,0,0,3306,0,0,0,1017.0,-0.01454203,0,0,0,0,0,7526.538462,9434.13986,0.0,0.0,67306.95988,168659.3963,0.0,14055.41538,3.7,264800.0468430316,195868.4989372956,514.5872587258954,442.57033219285677,120844.0,125503.0,30884.0,30444.0
08-11-2019,Asia,636772.0,14648906.51,0.031371678868213244,4610,4399,73,47,91,0,3379,18,12936,38,67,-0.16043682826384026,622,93,9,10,8,0,75167,403,297,77,29,54,0,1187203,588920,5038.48,5593,1872,340510,13329,196,895,71669,73339,45307,103490,426922,37079,5976,2046.6,0.433092991,0,0.0,0,0,0,0,353846.1538,0.0,0,0.0,0,0,0.0,0,0,0,0,0.0,0,0,0.0,0,177688.0,9775.0,0,0,3291,0,0,0,1017.0,-0.01454203,0,0,0,0,0,7526.538462,9434.13986,0.0,0.0,67966.30533,168659.3963,0.0,14055.41538,3.6,297060.02810581896,136740.09936237737,545.0321349295094,369.78385492389657,68045.0,120844.0,6513.0,30884.0
18-08-2019,Europe,629611.0,14573773.67,-0.053838363640716466,4483,4176,49,42,216,0,2814,15,0,0,0,-0.1869800855808681,351,82,0,8,7,792,0,0,0,0,0,0,0,1310395,700033,5414.24,6650,2844,342497,9015,209,946,67363,73433,46130,103129,445628,45596,7525,2902.92,0.425890004,0,0.0,0,0,0,0,353846.1538,0.0,0,0.0,85000000,0,0.0,0,0,0,0,0.0,0,0,0.0,0,27203.0,2972.0,0,0,4106,0,0,0,1017.0,-0.01454203,0,0,0,0,0,7526.538462,9434.13986,0.0,0.0,70503.80533,236534.3963,0.0,14055.41538,3.7,311492.0168634914,97241.05961742642,558.114698662821,311.8349878019245,138180.0,68045.0,19219.0,6513.0
25-08-2019,North America,648253.0,14561031.12,0.7478870749044104,9551,8262,159,693,437,0,3618,17,72093,428,779,-0.23121004841993342,501,57,3,5,79,0,224743,2476,1847,331,298,636,0,1439127,805474,6767.69,7663,3502,346333,9648,191,810,65267,76010,46841,104564,331178,35623,6876,1774.92,0.50515266,0,87500.0,0,0,0,0,353846.1538,0.0,0,17000000.0,0,0,8600000.0,0,0,0,0,0.0,0,0,0.0,41900000,71365.0,1365.0,0,0,641,0,0,0,1017.0,-0.01454203,0,0,0,0,0,7526.538462,9434.13986,0.0,105000.0,93923.24977,236534.3963,0.0,14055.41538,3.7,366480.2101180948,66839.63577045585,605.3760898136751,258.5336259956446,133256.0,138180.0,15197.0,19219.0
09-01-2019,South America,659324.0,15028278.15,0.3528994184733948,4182,4003,68,19,92,12606,2881,16,16699,40,62,-0.025021339231494497,1015,326,4,44,6,693,75212,505,390,86,29,28,2843,0,0,0.0,0,0,345339,10412,194,1052,68214,76969,47339,105443,327049,30673,6369,1450.54,0.511690906,0,87500.0,0,0,0,0,353846.1538,0.0,0,0.0,0,0,8600000.0,0,0,0,0,0.0,0,0,0.0,0,395197.0,13885.0,0,0,3337,0,0,0,1017.0,0.027703133,1,0,0,0,0,7526.538462,9434.13986,0.0,210000.0,206921.3748,271915.3487,0.0,14055.41538,4.0,376648.1260708569,79841.7814622735,613.7166496607834,282.5628805456823,179585.0,133256.0,8495.0,15197.0
09-08-2019,Africa,647974.0,14567520.25,0.49384901153497734,6248,5879,63,85,221,11957,3851,41,39752,251,306,-0.193698393872448,407,99,2,10,32,449,0,0,0,0,0,0,0,1616126,1006196,5385.45,8242,3634,349935,11210,185,797,69417,72457,43757,98688,311267,37770,6751,2178.03,0.510763599,0,0.0,0,0,0,0,353846.1538,0.0,0,0.0,0,0,0.0,0,0,0,0,0.0,0,0,0.0,0,1918743.0,32574.0,0,0,2357,0,0,0,1017.0,0.027703133,0,0,0,0,0,7526.538462,9434.13986,0.0,210000.0,206883.8748,271915.3487,0.0,14055.41538,3.7,390893.8756425141,62084.0688773641,625.2150635121599,249.16674914073928,156760.0,179585.0,39738.0,8495.0
15-09-2019,Asia,610005.0,12969414.85,0.12265579223836032,5154,4847,64,66,177,0,2037,31,32030,0,189,-0.16988073707056994,452,126,8,12,37,0,56966,243,186,44,13,81,0,1783663,908865,5831.72,8782,4208,325439,8543,184,706,64188,70259,43818,96059,302775,41007,6775,2643.27,0.510770502,0,0.0,0,0,0,0,353846.1538,0.0,0,0.0,0,0,0.0,0,0,0,0,0.0,0,0,0.0,0,2565803.0,87570.16667,48,408,14023,0,0,0,1017.0,0.027703133,0,0,0,0,0,7526.538462,9434.13986,0.0,105000.0,212002.8748,333317.6043,0.0,14055.41538,3.5,377991.3253855085,55038.44132641846,614.8099912863391,234.6027308588254,164905.0,156760.0,14179.0,39738.0
22-09-2019,Europe,614245.0,13039878.9,-0.6402717349938054,2884,2778,36,32,38,0,2239,6,0,0,0,-0.23080087836681165,354,56,0,7,14,0,33416,106,86,18,2,25,0,994587,475320,4241.72,6054,2169,354837,10100,236,1091,69944,65114,42724,88629,282716,37385,6344,2676.63,0.506938329,0,0.0,0,0,0,0,353846.1538,0.0,0,0.0,0,0,0.0,0,0,0,0,0.0,0,0,0.0,0,3290048.0,65407.5,0,0,716,0,0,0,1017.0,0.027703133,0,0,0,0,0,7526.538462,9434.13986,0.0,0.0,212002.8748,327426.9793,0.0,14055.41538,3.5,326162.79523130506,41580.064795851074,571.1066408572965,203.9119044976312,143455.0,164905.0,17788.0,14179.0
29-09-2019,North America,614203.0,14865751.59,-0.269597667052848,3679,3495,80,25,79,7929,2836,16,0,0,0,-0.10376017638949037,469,128,3,20,36,753,0,0,0,0,0,0,0,1891419,1322770,11376.37,50205,44809,639963,23457,261,4479,119578,108695,42201,149282,411921,26433,5163,1137.09,0.609993607,0,0.0,0,0,0,0,353846.1538,0.0,0,0.0,0,0,0.0,0,0,0,0,0.0,0,0,0.0,0,2685571.0,74988.0,2,15,196,0,0,0,1017.0,0.027703133,0,0,0,0,0,7526.538462,9434.13986,0.0,0.0,242648.463,384403.9676,0.0,15476.00362,3.5,316485.67713878304,52755.03887751064,562.5705974709157,229.6846509401763,99368.0,143455.0,8557.0,17788.0
10-06-2019,South America,601960.0,14125801.53,-1.2102653134176735,1656,1609,15,9,23,0,440,2,53620,3,88,-0.20097766110782386,227,51,5,8,2,0,0,0,0,0,0,0,0,1975373,1377247,10681.7,46088,39429,361932,11242,277,746,80372,96599,41749,129261,344462,23467,4835,1233.01,0.62386028,0,194000.0,0,0,0,0,353846.1538,0.0,0,0.0,0,0,0.0,0,0,0,0,0.0,0,0,0.0,0,427713.0,11223.0,0,0,0,0,0,0,1092.037736,0.13916969,0,0,0,0,0,7526.538462,9434.13986,0.0,0.0,226496.6168,384403.9676,0.0,18833.90362,3.6,256321.4062832698,44729.02332650639,506.2819434695156,211.4923717927112,120788.0,99368.0,27807.0,8557.0
13-10-2019,Africa,615254.0,14622013.05,0.6253327448783664,6898,6280,72,229,317,0,1008,44,0,0,0,-0.13950316038477203,483,95,4,11,20,0,63311,219,170,41,8,25,0,2105636,1509057,11500.41,46026,39556,130751,7852,137,360,42355,97712,43023,131627,358336,26960,5659,1165.42,0.606890413,0,194000.0,0,0,0,0,353846.1538,0.0,0,0.0,0,0,0.0,0,0,0,0,0.0,0,0,0.0,0,70762.0,6143.0,0,0,0,0,0,0,1092.037736,0.13916969,1,0,0,0,0,7526.538462,9434.13986,0.0,0.0,226496.6168,384403.9676,0.0,18833.90362,3.6,326295.84376996185,49228.41399590383,571.2231120761501,221.87477097656648,66430.0,120788.0,13076.0,27807.0
20-10-2019,Asia,629823.0,15145904.05,-0.3806441420284373,3283,3123,61,14,85,5723,4156,5,31114,29,158,-0.18782482375505496,267,71,2,9,13,1239,89181,411,342,50,19,78,6881,2157794,1531422,12696.8,48385,40210,359619,9168,281,938,67499,100645,44398,134993,360888,36652,4126,1669.04,0.615530654,0,194000.0,0,0,0,0,353846.1538,0.0,0,16500000.0,0,0,0.0,376000,0,0,0,0.0,0,0,0.0,376000,0.0,0.0,0,0,0,0,0,0,1092.037736,0.13916969,0,0,0,0,0,8514.038462,91811.13986,0.0,0.0,274044.1168,384403.9676,0.0,18833.90362,3.6,310148.50626197713,44606.0483975423,556.9097828750876,211.20144033017934,172503.0,66430.0,22391.0,13076.0
27-10-2019,Europe,620220.0,14628527.29,1.636120434347616,10561,9844,199,295,223,0,5011,38,0,0,0,-0.09334613858584294,1234,185,13,31,39,0,233988,5477,4283,638,556,363,0,2019950,1447620,12085.03,42845,33046,4840,1182,79,152,9614,87953,43371,116791,310365,56032,3188,2800.03,0.61418026,0,194000.0,0,0,0,0,353846.1538,0.0,0,0.0,0,0,0.0,0,0,0,0,0.0,0,0,0.0,0,373310.0,4746.0,14,111,0,0,0,0,1092.037736,0.13916969,0,0,0,0,0,124045.5769,205582.019,0.0,0.0,806924.1609,477252.491,0.0,37579.54003,3.6,417002.10375718627,56148.62903852538,645.757000548338,236.9570193907017,114371.0,172503.0,15069.0,22391.0
11-03-2019,North America,614531.0,14836641.29,-1.1033547442421725,2179,2091,34,13,41,0,253,0,104855,60,398,-0.20481857999357977,365,53,4,3,9,0,41491,213,180,27,6,109,0,2518652,1704159,12247.58,44249,33133,721387,16301,295,1350,112291,99354,48777,134520,369907,71017,3989,3597.33,0.591995508,0,0.0,0,0,0,0,0.0,0.0,0,18000000.0,0,0,0.0,0,0,0,0,0.0,0,0,0.0,11000000,104111.0,2294.0,0,0,0,0,0,0,1092.037736,-0.076748093,0,0,0,0,0,116519.0385,113770.8791,0.0,0.0,591400.445,286904.7603,0.0,23524.12465,3.8,322809.26225431176,46183.17742311523,568.163059565044,214.90271618366117,230913.0,114371.0,29385.0,15069.0
11-10-2019,South America,661989.0,16083165.34,0.09228543793227348,5477,5128,35,76,238,0,1640,9,0,0,0,-0.15330934991913858,862,83,0,6,8,513,15655,88,72,9,7,25,3519,2739396,1740092,12860.55,45520,35420,425794,12712,254,1071,66278,100198,50625,136171,374835,49520,3392,2988.13,0.584986727,0,0.0,0,0,0,0,0.0,0.0,0,17666666.67,0,0,0.0,0,0,0,0,0.0,0,0,0.0,0,35229.0,1692.0,0,0,0,0,0,0,1092.037736,-0.076748093,1,0,0,0,0,116519.0385,113770.8791,0.0,0.0,599335.8995,286904.7603,0.0,33874.12465,3.6,335385.55735258706,48008.90645386914,579.1248201835136,219.10934816631885,72608.0,230913.0,12494.0,29385.0
17-11-2019,Africa,672421.0,17167066.6,-0.6319826183484404,2764,2691,27,14,32,0,1325,5,8204,10,42,-0.2584990511563606,176,16,1,0,0,0,67792,220,186,22,12,67,0,2490458,1513342,12167.45,39790,32476,5242,3194,110,288,16194,92496,49189,126064,353688,47801,3617,3113.64,0.579575624,0,0.0,0,0,0,0,0.0,0.0,0,17666666.67,0,0,0.0,0,0,0,0,0.0,0,0,0.0,0,9065.0,426.0,0,0,0,0,0,0,1092.037736,-0.076748093,0,0,0,0,0,116671.5385,113770.8791,0.0,0.0,842503.8995,286904.7603,0.0,46402.12465,3.6,301078.33441155223,33165.34387232148,548.7060546518073,182.1135466469243,141700.0,72608.0,20299.0,12494.0
24-11-2019,Asia,671277.0,17200079.56,-0.2320284139482813,3637,3460,37,76,64,0,304,9,34642,38,86,-0.230068331981384,296,50,1,5,28,0,44991,217,195,15,7,0,0,2188392,1273792,12017.77,35741,29566,1072640,30359,487,2821,170141,111951,58839,154754,455251,50554,3989,3436.48,0.549335078,0,0.0,0,0,0,0,0.0,0.0,0,0.0,130500000,0,0.0,0,0,0,0,0.0,0,0,0.0,0,195.3333333,6.666666667,0,0,0,0,0,0,1092.037736,-0.076748093,1,0,0,0,0,226671.5385,113770.8791,0.0,0.0,1662809.038,277571.427,0.0,356042.1246,3.6,303606.00064693135,28567.206323392886,551.0045377734482,169.0183609061243,99847.0,141700.0,4360.0,20299.0
12-01-2019,Europe,984270.0,33035466.62,0.5124000199772138,6462,5430,557,298,177,6950,3834,110,38066,296,370,0.007593473712501445,2431,457,430,143,133,797,122174,2828,1502,1145,181,247,7736,1087242,785957,7106.74,21195,17859,1095113,35856,572,2776,186314,102278,57313,143253,467947,58811,4300,3767.15,0.511340326,0,0.0,0,0,0,0,0.0,0.0,0,0.0,0,0,0.0,0,0,0,0,0.0,0,0,0.0,11000000,126701.0,3456.0,0,0,0,0,0,0,1092.037736,-0.184752072,0,0,0,0,0,227838.2051,113770.8791,0.0,0.0,1623581.538,307654.7603,0.0,345692.1246,4.0,348140.6003881588,61820.323794035736,590.0344061054057,248.63693167756824,122959.0,99847.0,8668.0,4360.0
12-08-2019,North America,797164.0,25840744.12,0.743110882432342,8803,7634,423,402,344,0,2964,33,80927,439,645,0.09225867712377703,1532,102,4,18,7,0,81286,1312,771,458,83,80,0,1223072,804351,8197.01,21117,17396,369593,14845,332,5881,84373,86611,50689,117887,383283,56025,3946,3524.78,0.513177466,0,0.0,0,0,0,0,0.0,0.0,0,0.0,130500000,0,0.0,95000000,0,0,0,0.0,0,0,0.0,0,253977.0,15965.0,0,0,0,0,0,0,1092.037736,-0.184752072,0,0,0,0,0,117533.2051,113770.8791,0.0,0.0,1021293.538,307654.7603,0.0,29164.12465,3.7,388193.36023289524,94601.19427642145,623.051651336304,307.5730714422533,165977.0,122959.0,44680.0,8668.0
15-12-2019,South America,805999.0,25187915.6,0.4469004239381605,5685,5236,215,90,144,0,3424,20,23825,69,157,-0.24399331282149558,385,37,5,3,7,0,109961,919,559,321,39,227,0,783891,598108,4915.28,15538,11664,735262,14848,377,1598,116852,75960,46123,103310,339511,51366,3593,3240.06,0.496675967,0,0.0,0,0,0,0,0.0,0.0,0,17666666.67,0,0,0.0,0,0,0,0,0.0,0,0,0.0,0,1301671.0,14705.0,0,0,0,0,0,0,1092.037736,-0.184752072,0,0,0,0,0,117533.2051,113770.8791,0.0,0.0,802543.5384,307654.7603,0.0,29164.12465,3.6,395108.0161397371,63318.71656585287,628.5761816516253,251.63210559436342,179309.0,165977.0,57509.0,44680.0
22-12-2019,Africa,901569.0,29068196.98,-0.9828251045032009,3229,3004,44,83,98,15117,0,9,0,0,0,-0.2548627172971656,204,25,3,3,12,0,147851,1434,1341,82,11,111,49220,455103,315568,2115.65,7512,4046,6676,1477,134,161,13978,65624,47283,87787,292318,47706,3856,3289.63,0.484865638,0,0.0,0,0,0,0,0.0,0.0,0,0.0,0,0,0.0,0,0,0,0,0.0,0,0,0.0,0,811119.0,23655.0,0,0,0,0,0,0,1092.037736,-0.184752072,1,0,0,0,0,117533.2051,113770.8791,0.0,0.0,742453.5384,298904.7603,0.0,29164.12465,3.6,316637.80968384224,42902.22993951172,562.7057931848954,207.1285348268358,162192.0,179309.0,6558.0,57509.0
29-12-2019,Asia,881039.0,30572803.32,-1.616449334085748,2072,1964,18,64,26,0,807,2,192285,95,510,0.08329653305701328,946,110,8,5,3,0,0,0,0,0,0,0,0,180193,143520,661.92,3042,1092,743647,25025,429,1497,136502,70446,48922,95210,325936,29751,2214,1911.55,0.479474627,0,0.0,0,0,0,0,0.0,0.0,0,0.0,0,0,0.0,0,0,0,0,0.0,0,0,0.0,0,104224.0,2153.0,0,0,0,0,0,0,1092.037736,-0.184752072,1,0,0,0,0,116366.5385,113770.8791,0.0,0.0,650334.332,277571.427,0.0,29164.12465,3.6,232940.68581030532,81892.33796370703,482.63929161466467,286.16837345120274,79573.0,162192.0,4911.0,6558.0
01-05-2020,Europe,656373.0,18206326.3,0.29046281543273306,7450,6819,112,191,328,0,4837,107,58096,33,154,-0.2363510721518988,142,18,0,1,4,0,47653,120,91,11,18,0,0,1187761,823039,3982.87,22000,14054,4974,4071,150,190,30386,70278,44803,97303,304627,6268,478,436.53,0.514195896,0,0.0,0,0,0,0,0.0,0.0,0,0.0,0,0,0.0,0,0,0,0,0.0,0,0,0.0,0,146730.0,1251.0,0,0,0,0,0,0,1108.433962,0.386132505,0,0,0,0,0,115379.0385,113770.8791,0.0,0.0,473721.3908,219553.1095,0.0,20390.79131,13.3,292916.4114861832,56851.40277822422,541.2175269576763,238.43532200205618,42958.0,79573.0,56151.0,4911.0
01-12-2020,North America,595374.0,14456162.36,0.3269764607807919,7838,7341,100,69,328,4588,7809,57,25882,49,82,-0.1861419469236671,343,56,3,10,38,784,102019,908,796,74,38,482,5123,2613946,1585589,7863.73,29489,19611,375945,9809,183,778,67856,77562,45089,106974,330947,7940,609,413.38,0.516365543,0,0.0,0,0,0,0,0.0,0.0,0,0.0,0,0,0.0,0,0,0,0,0.0,0,0,0.0,0,93062.0,1886.0,0,0,0,0,0,0,1108.433962,0.386132505,0,0,0,0,0,115379.0385,113770.8791,0.0,0.0,473721.3908,281144.0186,0.0,20390.79131,6.7,331011.8468917099,49434.84166693453,575.3362902613652,222.33947392879773,153152.0,42958.0,7716.0,56151.0
19-01-2020,South America,567456.0,13137578.97,-0.3708148763612822,5687,5352,61,49,225,0,4637,33,27217,13,53,-0.24269980749227194,162,24,1,4,11,0,47534,350,322,16,12,63,0,4545242,2075006,13090.25,30494,20482,375349,11646,238,759,84062,77678,44125,108751,344139,10236,762,525.46,0.524152811,0,0.0,0,0,0,0,0.0,0.0,0,0.0,0,0,0.0,0,0,0,0,0.0,0,0,0.0,0,318557.0,3858.0,0,0,0,0,0,0,1108.433962,0.386132505,1,0,0,0,0,115379.0385,113770.8791,0.0,0.0,473721.3908,281144.0186,0.0,20390.79131,3.5,313546.10813502595,36414.90500016072,559.9518801959914,190.82689799962876,155262.0,153152.0,15324.0,7716.0
26-01-2020,Africa,547473.0,12872703.93,-0.8891009797614537,3129,2953,41,25,110,11064,3177,10,12968,0,128,-0.2126984032746666,151,42,0,2,25,598,29256,155,134,15,6,105,5864,4089860,2531901,13862.07,43866,32150,712786,16554,310,5424,119515,95468,43237,131307,386555,178872,9216,16883.41,0.551575388,0,0.0,0,0,0,0,0.0,0.0,0,0.0,0,0,0.0,0,0,0,0,0.0,0,0,0.0,0,5641.0,892.0,0,0,0,0,0,0,1108.433962,0.386132505,0,0,0,0,0,119317.5,113770.8791,4730.0,0.0,655033.1201,290959.4032,0.0,20390.79131,3.5,273116.66488101555,33148.943000096435,522.6056494920578,182.06851183028996,114939.0,155262.0,6754.0,15324.0
02-02-2020,Asia,550775.0,12959514.66,-1.19745957997807,2567,2415,30,76,46,9297,2050,12,0,0,0,-0.10953475375209587,452,83,5,2,4,1552,113041,431,392,24,15,21,25985,2224965,1597819,7988.2,42274,30672,227291,7564,185,986,50990,88666,45488,123293,378327,98392,7962,5352.26,0.531398338,0,0.0,0,0,0,0,0.0,0.0,0,0.0,0,0,0.0,0,0,0,0,0.0,0,0,0.0,0,456274.0,10130.0,0,0,0,0,0,0,1108.433962,0.272774985,0,0,0,0,0,144379.2949,87103.57143,4730.0,0.0,485765.4454,161817.7568,0.0,0.0,3.5,231039.99892860933,46821.36580005786,480.6662032311085,216.38245261586684,84989.0,114939.0,11300.0,6754.0
02-09-2020,Europe,542509.0,12865499.02,-1.1503725520197439,2368,2156,25,59,128,0,537,8,37275,368,545,-0.13458652023032505,1086,116,2,17,37,0,98715,440,370,43,27,525,0,2845187,2093001,12328.99,53940,43525,603300,15522,331,1832,105975,105055,44611,145921,434071,138332,12992,5414.16,0.534083882,0,0.0,0,0,0,0,0.0,0.0,0,0.0,0,0,0.0,0,0,0,0,0.0,0,0,0.0,0,191370.0,3661.0,0,0,0,0,0,0,1108.433962,0.272774985,0,0,0,0,0,144379.2949,0.0,4730.0,0.0,485765.4454,163007.8401,0.0,0.0,7.8,208514.9993571656,51228.81948003471,456.63442638194243,226.33784367629445,67170.0,84989.0,26932.0,11300.0
16-02-2020,North America,548681.0,13341601.87,0.5908610948625688,7773,7353,108,76,236,0,2818,30,0,0,0,-0.2872729452146007,0,0,0,0,0,0,0,0,0,0,0,0,0,2105265,1581000,7915.65,37305,26812,11348,2455,95,348,18207,87356,47047,122597,387853,147673,13885,5632.94,0.51091044,0,0.0,0,0,0,0,0.0,0.0,0,0.0,0,0,0.0,0,0,0,0,0.0,0,0,0.0,0,1141959.0,21773.0,0,0,0,0,0,0,1108.433962,0.272774985,1,0,0,0,0,148279.2949,0.0,32782.5,0.0,488432.1121,103579.2687,0.0,0.0,3.5,295619.99961429933,30737.291688020825,543.7094808942542,175.32053983495723,69891.0,67170.0,23136.0,26932.0
23-02-2020,South America,568394.0,13909579.44,-0.5444883098746084,5372,5084,49,66,173,3400,7,5,51637,72,216,-0.19231909482240853,537,73,3,9,25,537,66793,275,229,28,18,57,4274,3514634,2738672,16354.7,48196,36879,452974,17729,230,1334,109867,105571,48938,146473,468190,443013,12623,7523.27,0.505988015,0,0.0,0,0,0,0,0.0,0.0,0,0.0,0,0,0.0,0,0,0,0,0.0,0,0,0.0,0,675588.0,14713.0,0,0,0,0,0,0,1108.433962,0.272774985,0,0,0,0,0,154763.0449,0.0,32782.5,0.0,548482.8621,103579.2687,0.0,0.0,3.5,282274.9997685796,32830.375012812496,531.2955860616382,181.19154233245132,170511.0,69891.0,0.0,23136.0
03-01-2020,Africa,599396.0,15083017.87,-0.958251940335313,3265,3094,85,19,67,0,442,3,23738,9,55,-0.22320483431611574,211,34,2,6,23,0,66094,593,486,82,25,117,0,1874881,1319841,7378.24,26008,18917,405215,15207,299,908,103340,90301,49760,127432,410018,687649,10074,5990.74,0.50991134,0,0.0,0,0,0,0,0.0,0.0,0,0.0,0,0,0.0,0,0,0,0,0.0,0,0,0.0,0,319060.0,8703.0,0,0,0,0,0,0,1108.433962,-0.265146037,0,0,0,0,0,201119.6282,0.0,32782.5,0.0,745499.5032,111722.1258,0.0,0.0,3.5,250357.99986114775,29406.225007687495,500.3578717889304,171.4824335250917,104903.0,170511.0,14388.0,0.0
03-08-2020,Asia,647587.0,16424957.13,0.9396442806398795,9989,9228,133,183,445,0,2498,83,36723,21,98,-0.17589949656165135,289,46,1,5,18,0,51446,313,277,23,13,84,0,1707702,1170851,6747.05,22268,19416,370486,9450,183,3311,74824,85514,49541,120102,392887,592893,10189,4647.74,0.507867709,0,0.0,0,0,0,0,0.0,0.0,0,0.0,0,0,0.0,0,0,0,0,0.0,0,0,0.0,0,240102.0,2336.0,0,0,0,0,0,0,1108.433962,-0.265146037,0,0,0,0,0,196619.6282,0.0,32782.5,0.0,734377.5032,111722.1258,0.0,0.0,8.4,340880.79991668864,34519.73500461249,583.8499806600054,185.79487346160144,80993.0,104903.0,9708.0,14388.0
15-03-2020,Europe,639289.0,15950450.65,-1.3772763045333682,1713,1640,20,10,43,0,1403,5,24826,37,86,-0.25133197570974397,68,12,0,0,15,706,34115,60,49,9,2,101,9184,2185391,1481118,7243.19,26202,22241,405060,11087,219,739,111196,88188,48001,122442,401735,537802,9840,4506.57,0.519746485,0,0.0,0,0,0,0,0.0,0.0,0,0.0,0,0,0.0,0,0,0,0,0.0,0,0,0.0,0,13060.0,338.0,0,0,0,0,0,0,1108.433962,-0.265146037,0,0,0,0,0,210296.2949,0.0,32782.5,0.0,752904.1699,119301.0732,0.0,0.0,4.4,261307.4799500132,26157.841002767495,511.18243313910267,161.73385855400684,190666.0,80993.0,16876.0,9708.0
22-03-2020,North America,606205.0,15349990.69,-0.35224656287385697,4928,4733,76,22,97,9984,2443,10,0,0,0,-0.23030591459287406,84,18,1,0,6,0,62600,188,158,24,6,33,6638,2213412,1412540,7056.74,24208,21161,648477,17993,271,1557,104090,100030,61777,136506,464597,585001,11338,4693.9,0.502648349,0,0.0,0,0,0,0,0.0,10276932.0,0,0.0,0,0,8793879.0,0,0,0,0,0.0,0,0,6591096.0,0,335259.0,6663.0,0,0,0,0,0,0,1108.433962,-0.265146037,0,0,0,0,0,271758.0449,0.0,35582.5,0.0,888865.9199,119301.0732,0.0,0.0,4.4,272796.48797000793,24326.704601660495,522.2992322127307,155.9702042111265,56779.0,190666.0,5446.0,16876.0
29-03-2020,South America,623846.0,16296102.06,0.07439202120720578,4787,4555,65,41,126,6706,4182,17,94443,251,475,-0.15581716637375584,486,67,5,4,30,0,79929,298,255,31,12,0,88,2007481,1399905,5853.84,32269,25456,815134,16672,363,940,142279,126442,76857,172287,574472,568511,12847,4899.29,0.522001507,0,0.0,0,0,0,0,0.0,10276932.0,0,0.0,0,0,8793879.0,0,0,0,0,0.0,0,0,6591096.0,0,1452226.25,11480.5,0,0,0,0,0,0,1108.433962,-0.265146037,0,0,0,0,0,281758.0449,0.0,32782.5,0.0,1143540.92,153342.2497,0.0,15230.76923,4.4,304343.8927820048,34515.0227609963,551.6737194955047,185.78219172190938,116012.0,56779.0,8632.0,5446.0
04-05-2020,Africa,654146.0,18308122.25,1.1989603827918518,8963,8501,114,97,251,0,3604,47,24684,19,124,-0.19817286638884404,432,50,4,9,15,0,174577,1032,879,110,43,44,15257,1884474,1094197,3450.39,10864,3359,759672,17316,365,716,121336,129681,94277,173750,622536,519598,12183,3368.23,0.472182299,0,0.0,0,0,0,0,0.0,0.0,0,0.0,0,0,0.0,0,0,0,0,0.0,0,0,0.0,0,244032.5,2366.5,0,0,0,0,0,0,1100.962264,-0.798243312,0,0,0,0,0,295509.0449,0.0,4730.0,0.0,999125.1643,60842.24968,0.0,15230.76923,13.3,388257.33566920285,34210.013656597774,623.1029896166466,184.95949193430914,140666.0,116012.0,19919.0,8632.0
04-12-2020,Asia,650334.0,19481867.19,-0.35181393674414063,4842,4629,67,22,124,10452,3078,15,47248,23,207,-0.2872729452146007,0,0,0,0,0,0,99154,305,265,32,8,240,10885,2327913,1310206,5259.19,14404,8340,1028664,24568,421,842,165284,147421,105097,200914,691833,523035,14946,3074.49,0.468499031,0,0.0,0,0,0,0,0.0,0.0,0,0.0,0,0,0.0,0,0,0,0,0.0,0,0,0.0,0,218437.0,3678.0,0,0,0,0,0,0,1100.962264,-0.798243312,0,224041,241712,17671,23887,295509.0449,0.0,4730.0,0.0,1022593.523,60842.24968,0.0,17250.0,6.7,348991.4014015217,20526.008193958663,590.7549419188313,143.26900639691289,205651.0,140666.0,13501.0,19919.0
19-04-2020,Europe,706727.0,22543727.56,0.8334951334526791,10775,9935,118,231,491,0,5653,41,61113,376,489,0.07761434893220945,2773,133,10,9,112,342,269106,1124,933,131,60,602,3777,2507927,1543553,8164.07,19296,13151,412160,13857,297,547,94776,159565,114206,215436,745107,561842,15484,2908.43,0.461835682,0,0.0,0,0,0,0,0.0,0.0,0,0.0,0,0,0.0,0,0,0,0,0.0,0,0,0.0,0,82962.0,3194.0,0,0,0,0,0,0,1100.962264,-0.798243312,0,250179,271590,21411,99079,292459.0449,0.0,4730.0,0.0,769768.5233,60742.24968,0.0,17250.0,14.8,393926.840840913,67605.6049163752,627.6359142376359,260.010778461923,116037.0,205651.0,0.0,13501.0
26-04-2020,North America,883241.0,27125660.67,0.3297452680109765,6051,5832,71,43,105,4751,3845,5,29726,46,124,-0.1534809373607703,438,29,1,1,5,289,96221,425,365,46,14,80,5030,1208222,805527,3191.08,8827,5668,413345,14030,271,458,98977,158367,117871,212421,720508,541044,14923,2655.67,0.46977148,0,0.0,0,0,0,0,0.0,0.0,0,0.0,0,0,0.0,0,0,0,0,0.0,0,0,0.0,0,25116.0,1767.0,0,0,0,0,0,0,1100.962264,-0.798243312,0,276214,308314,24039,120720,561270.45,6600.0,189230.0,0.0,1393238.026,161124.0651,0.0,17250.0,14.8,391778.1045045478,60836.36294982512,625.9218038258036,246.65028471466462,184532.0,116037.0,55290.0,0.0
05-03-2020,South America,953369.0,29668461.31,1.025667660272676,10082,9309,220,203,350,27722,4640,48,124859,11,188,-0.0887396757297302,1015,85,5,7,19,505,202250,878,725,116,37,327,19336,2426416,1416679,7790.55,28566,25944,324331,13554,351,834,89243,181434,122682,248751,889399,941976,17194,4034.36,0.475664245,0,0.0,0,0,0,0,0.0,0.0,0,0.0,0,0,0.0,0,0,0,0,0.0,0,0,0.0,0,656524.0,11344.0,0,0,0,0,0,0,1100.962264,-0.03271568,0,247786,330407,26243,58950,420846.6485,6600.0,184500.0,0.0,1077428.504,151308.6805,0.0,17250.0,4.4,430703.86270272866,66584.81776989507,656.2803232634121,258.0403413613753,155422.0,184532.0,20273.0,55290.0
05-10-2020,Africa,1012888.0,31750536.5,0.5362809823375557,9649,7474,1775,193,207,3595,778,96,28059,14,80,-0.030558333982609955,2235,193,172,24,179,422,200947,3607,1564,1910,133,885,3634,2028764,1217442,7251.86,23707,16526,272449,9999,264,572,74626,169075,119302,226950,835856,1152250,17005,4116.29,0.460590453,0,0.0,0,0,0,0,0.0,0.0,0,0.0,0,0,0.0,0,0,0,0,0.0,0,0,0.0,0,107742.0,4034.0,2,6,0,0,0,0,1100.962264,-0.03271568,0,257633,345813,27878,60302,352995.1106,6600.0,184500.0,0.0,1107592.416,147808.6805,0.0,17250.0,6.9,425779.3176216372,78849.89066193704,652.5176760989982,280.8022269533079,195637.0,155422.0,30083.0,20273.0
17-05-2020,Asia,973645.0,30362122.11,0.7752463513476715,10476,8979,154,902,441,0,1858,30,61041,52,155,-0.12477963798937443,1132,126,11,12,9,0,90362,595,459,59,77,0,24241,1528453,954848,5747.23,15397,9366,1004248,37420,475,2637,190213,183324,126926,249128,849414,824175,16187,3288.1,0.471238105,0,0.0,0,0,0,0,0.0,0.0,0,0.0,0,0,0.0,0,0,0,0,2401122.182,0,0,0.0,0,21925.0,865.0,0,0,0,0,0,0,1100.962264,-0.03271568,0,266009,358154,28853,63292,352995.1106,6600.0,184500.0,0.0,1112152.166,147808.6805,0.0,17250.0,13.3,436633.5905729823,71931.93439716223,660.7825592227615,268.2012945478866,167357.0,195637.0,38899.0,30083.0
24-05-2020,Europe,1007906.0,32101102.61,0.953401791564859,11426,10590,154,206,476,14122,12366,32,14335,0,51,-0.14148961499750834,817,113,4,12,69,0,228827,1748,1521,131,96,1608,15310,1864588,1328944,7027.92,35454,29754,14976,5161,167,363,36102,185836,127269,249321,829486,185292,13016,2869.04,0.467760929,0,0.0,0,0,0,0,0.0,8759011.5,0,0.0,0,0,0.0,0,0,0,0,2401122.182,0,0,0.0,0,2474223.0,32211.2,30,189,0,0,0,0,1100.962264,-0.03271568,1,273349,368284,29646,65289,352995.1106,158700.0,184500.0,277.7777778,1133729.944,147808.7092,0.0,17250.0,13.3,453441.1543437894,65249.16063829733,673.380393495229,255.43915251640132,181166.0,167357.0,24622.0,38899.0
31-05-2020,North America,985496.0,32699256.69,-2.359839465299924,0,0,0,0,0,0,0,0,0,0,0,-0.2872729452146007,0,0,0,0,0,0,0,0,0,0,0,0,0,683024,624527,2399.65,12666,11185,385860,10448,352,570,86054,163376,121709,217800,725332,173545,12133,3921.96,0.47225055,0,0.0,0,0,0,0,0.0,8759011.5,0,0.0,0,0,0.0,0,0,0,0,2401122.182,0,0,0.0,0,181003.0,10564.0,0,0,0,0,0,0,1100.962264,-0.03271568,0,278980,376208,30236,66992,353970.1106,158700.0,222000.0,277.7777778,1422409.889,269179.5004,0.0,17250.0,13.3,272064.69260627363,39149.496382978396,521.5982099339238,197.86231673307174,191461.0,181166.0,22090.0,24622.0
06-07-2020,South America,966253.0,31104843.93,0.8002348366000871,8213,7792,127,62,232,13254,1315,7,53166,32,187,-0.22866263486340116,349,35,15,4,17,0,136691,553,427,100,26,97,16675,455940,332432,2146.75,3703,2958,189366,5395,172,298,41941,152655,119878,204933,678631,198622,12368,5122.87,0.475613445,0,0.0,0,0,0,0,0.0,0.0,0,0.0,0,0,0.0,0,0,0,0,2401122.182,0,0,0.0,0,99126.0,1240.0,0,0,0,0,0,0,1100.962264,0.591860182,0,282557,381714,30758,68399,353970.1106,158700.0,184500.0,277.7777778,1647633.639,269179.5004,0.0,17250.0,10.2,345848.8155637642,32370.697829787037,588.0891221267098,179.91858667126928,0.0,191461.0,0.0,22090.0
14-06-2020,Africa,974058.0,31628861.73,1.0017866979123342,8950,8475,109,79,287,19310,11778,25,17938,63,102,-0.1599352649729168,841,98,4,8,91,944,41105,119,96,11,12,4,10154,1020098,694369,5334.04,13265,13317,380394,16468,255,571,88410,161122,112378,218147,711379,255297,13702,5079.58,0.479917621,0,0.0,0,0,0,0,0.0,10809505.0,0,0.0,0,0,0.0,0,0,0,0,2401122.182,0,4363242,0.0,0,47230.0,193.0,0,0,0,0,0,0,1100.962264,0.591860182,0,286164,386556,31015,69377,350855.0272,158700.0,184500.0,277.7777778,1598450.305,269179.5004,0.0,17250.0,11.1,401766.2893382585,38717.41869787222,633.8503682559934,196.7674228572205,182610.0,0.0,8881.0,0.0
21-06-2020,Asia,1047248.0,36475030.04,1.7437578154210405,8881,8492,92,84,213,0,2751,2,72443,0,180,0.2452618789233727,1624,328,18,30,35,0,64872,246,202,35,9,0,0,1227078,702846,7209.81,14125,13289,684814,26520,344,639,149499,146764,96835,200444,655396,543381,42932,10029.43133,0.482782904,0,0.0,0,0,0,0,0.0,10809505.0,0,0.0,0,0,0.0,0,0,0,0,2401122.182,0,4363242,0.0,0,2138436.714,56661.14286,40,354,0,0,0,0,1100.962264,0.591860182,0,289868,391220,31342,76282,350855.0272,158700.0,184500.0,277.7777778,2026200.305,172929.5004,0.0,17250.0,11.1,478192.7736029551,103923.45121872333,691.5148397561364,322.3716042375993,194257.0,182610.0,19295.0,8881.0
28-06-2020,Europe,960714.0,33415688.76,2.3515629175821164,10428,9940,160,91,237,3899,2802,21,93618,0,588,-0.11095364990405038,876,142,8,19,24,501,143103,587,469,85,33,269,6450,1732953,1080544,7201.1,22400,19789,653917,19238,340,659,125167,159032,91542,210128,640667,5401472,61462,13828.22366,0.522485327,0,0.0,0,0,0,0,0.0,7983769.0,0,0.0,0,0,0.0,0,0,0,0,2401122.182,0,0,0.0,0,2014261.333,45760.0,20,108,0,0,0,0,1100.962264,0.591860182,2,292941,395872,32137,93572,350855.0272,6600.0,184500.0,277.7777778,2053515.055,189222.306,0.0,17250.0,11.1,559171.664161773,89071.070731234,747.7778173774434,298.44776884948226,237133.0,194257.0,80693.0,19295.0
07-05-2020,North America,913393.0,28194793.38,0.04416010726262816,7742,7292,59,175,216,0,2748,22,23819,677,777,-0.18766643534739494,734,80,3,11,144,0,0,0,0,0,0,0,0,933801,592767,2247.66,9912,9497,359527,8920,276,460,83595,120233,89106,159936,515180,124637,1925,462.347009,0.493287726,0,0.0,0,0,0,0,0.0,7983769.0,0,0.0,0,0,0.0,0,0,0,0,2401122.182,0,0,0.0,0,2024881.0,24178.5,0,0,0,0,0,0,,0.521233517,0,303930,400299,32331,122996,347971.6939,6600.0,184500.0,277.7777778,1938764.408,174122.306,0.0,2019.230769,13.3,474421.9984970638,68535.6424387404,688.7829836001059,261.79312909001334,272256.0,237133.0,26717.0,80693.0
07-12-2020,South America,779134.0,23363911.4,-0.5157100197258777,4436,4271,58,29,78,0,0,1,29330,16,98,-0.12893073417346457,927,108,6,28,32,0,0,0,0,0,0,0,0,1274754,787041,5214.43,10370,10256,677812,12663,360,773,105893,121399,88810,162425,519421,91308,3203,1630.294526,0.492588078,0,0.0,0,0,0,0,0.0,0.0,0,0.0,0,0,0.0,0,0,0,0,2401122.182,0,0,0.0,0,4120363.524,70942.57143,32,246,0,0,0,0,,0.521233517,0,365656,405551,32463,162191,347971.6939,6600.0,184500.0,277.7777778,1604847.742,288579.0595,0.0,2019.230769,6.7,391219.19909823826,65114.38546324424,625.4751786427965,255.1752054241247,138919.0,272256.0,15093.0,26717.0
19-07-2020,Africa,823889.0,24128566.35,0.31465526860647064,5207,4735,78,212,182,28465,3642,5,50705,71,302,-0.06897412235715475,592,137,9,28,14,883,108649,481,389,72,20,21,5747,1617931,919032,7095.41,13916,13196,712632,17627,378,669,141389,127570,87589,175904,563548,330118,10770,4788.28,0.489427459,0,0.0,0,0,0,0,0.0,7284562.0,0,0.0,0,0,6165824.5,0,0,0,0,2401122.182,0,0,14015040.5,0,2479832.0,33403.5,24,120,0,0,0,0,,0.521233517,0,431848,440185,32596,212216,347971.6939,6600.0,184500.0,277.7777778,1553668.73,288579.0595,0.0,0.0,10.2,389281.51945894293,72146.63127794655,623.9242898452848,268.60124958373996,106566.0,138919.0,23993.0,15093.0
26-07-2020,Asia,794521.0,23224130.88,-0.5652889741913699,4580,4227,67,80,206,38467,3387,4,45755,0,148,-0.20041010264704207,421,66,7,9,14,510,0,0,0,0,0,0,0,1483084,994815,6631.24,17620,16992,664918,16006,410,711,120533,130841,87499,178233,566943,320947,11491,5597.29,0.493531617,0,0.0,0,0,0,0,0.0,7284562.0,0,0.0,0,0,6165824.5,0,0,0,0,2401122.182,0,0,14015040.5,0,33008.0,2873.0,0,0,0,0,0,0,,0.521233517,0,491342,500556,32689,273191,347971.6939,6600.0,191687.5,277.7777778,1605180.714,288579.0595,0.0,8115.294505,10.2,337269.91167536576,56449.97876676793,580.7494396685767,237.59204272611473,154550.0,106566.0,33078.0,23993.0
08-02-2020,Europe,797349.0,23264105.69,0.8647826551537646,9863,8938,222,349,354,39425,13071,48,43654,266,343,-0.14843890638359244,900,122,12,15,34,2041,84641,1229,902,236,91,223,0,546693,421695,2654.6,11200,10964,302282,17525,215,364,77220,131616,89963,176105,562178,256050,9129,3366.44,0.490355687,0,0.0,0,0,0,0,0.0,0.0,0,0.0,0,0,0.0,0,0,0,0,0.0,0,0,0.0,0,1297659.0,10592.0,0,0,0,0,0,0,,0.307813081,0,536681,546814,32760,331668,0.0,121759.6154,7187.5,0.0,462978.1656,140844.1798,0.0,8115.294505,3.5,388701.9470052194,54906.987260060756,623.459659485054,234.3224002524316,103701.0,154550.0,13162.0,33078.0
08-09-2020,North America,795589.0,22893786.98,-1.1522761069904959,2251,2106,53,32,60,0,828,2,11183,51,91,-0.1652544756634997,588,91,50,33,8,5,43402,198,128,65,5,0,0,1027245,675426,6005.87,11554,10595,534307,13438,325,562,102205,124817,86676,168102,542343,240721,8660,2876.69,0.488068751,0,0.0,0,0,0,0,0.0,0.0,0,0.0,0,0,0.0,0,0,0,0,0.0,0,0,0.0,0,1813654.0,7473.0,2,6,0,0,0,0,,0.307813081,0,601953,613101,32827,383717,0.0,121759.6154,7187.5,0.0,177501.0142,140844.1798,0.0,8115.294505,7.8,303002.16820313164,51433.19235603645,550.4563272441617,226.78887176410674,186340.0,103701.0,21037.0,13162.0
16-08-2020,South America,773412.0,21530617.71,-1.1814697182237541,2360,2257,25,26,52,0,486,6,20013,27,75,-0.24669251526870203,158,28,1,1,5,0,0,0,0,0,0,0,0,1236184,892388,5229.21,24938,14340,360453,12233,345,558,120499,128964,88063,173214,561234,194290,8041,2681.36,0.484651607,0,0.0,0,0,0,0,0.0,0.0,0,0.0,0,0,0.0,0,0,0,0,0.0,0,0,0.0,0,2188774.0,12231.0,0,0,0,0,0,0,,0.307813081,0,646954,658900,32865,438825,0.0,121759.6154,12187.5,0.0,178084.3475,140844.1798,0.0,8115.294505,8.4,249895.30092187898,37008.91541362187,499.89528995768603,192.37701373506627,69781.0,186340.0,18489.0,21037.0
23-08-2020,Africa,764054.0,21151613.97,-2.037636828932385,542,505,11,13,13,9677,563,3,51830,33,164,-0.2621287854985698,91,24,2,0,0,730,0,0,0,0,0,0,0,2222083,1553856,9771.21,32804,20151,418563,16150,323,911,112798,133749,85228,176979,575663,149851,7084,2523.58,0.488126366,0,0.0,0,0,0,0,0.0,0.0,0,0.0,0,0,0.0,0,0,0,0,0.0,0,0,0.0,0,405163.0,10619.0,2,24,0,0,0,0,,0.307813081,0,684580,697385,32934,484880,0.0,121759.6154,7187.5,0.0,274558.9409,159399.7354,0.0,13692.21758,8.4,168556.18055312737,26015.349248173123,410.55594083282654,161.292743941484,68094.0,69781.0,6149.0,18489.0
30-08-2020,Asia,715201.0,19704156.37,-1.5746749550003385,1811,1731,26,11,43,0,0,1,0,0,0,-0.23364527018770648,265,13,3,2,6,0,0,0,0,0,0,0,0,867810,722342,3158.99,12455,6548,28527,3411,121,372,21646,115729,84469,151377,981885,157820,6589,2380.54,0.484954583,0,0.0,0,0,0,0,0.0,0.0,0,0.0,0,0,0.0,0,0,0,0,0.0,0,0,0.0,0,277390.0,4449.0,0,0,0,0,0,0,,0.307813081,0,717024,730662,32982,532223,0.0,121759.6154,12187.5,0.0,881100.3803,221091.7026,0.0,13692.21758,8.4,146505.70833187643,23735.209548903873,382.760641043298,154.06235604100007,18619.0,68094.0,3810.0,6149.0
09-06-2020,Europe,730820.0,20762722.7,0.020919431574266543,5877,5576,110,55,136,22246,661,12,0,0,0,-0.10589841989290086,697,81,7,4,25,504,64626,306,251,49,6,5,0,676765,530114,3113.4,14060,9098,741544,18472,331,1327,122662,128014,86614,169702,2036280,173289,7792,2852.02,0.488641897,0,0.0,0,0,0,0,0.0,0.0,0,0.0,0,0,0.0,0,0,0,0,0.0,0,0,0.0,0,45542.0,4211.0,0,0,0,0,0,0,,0.15034497,1,740675,754905,33019,568067,0.0,121759.6154,7187.5,0.0,936800.3803,218323.6256,0.0,13692.21758,11.1,225479.42499912585,41724.125729342326,474.8467384315974,204.26484212742614,45372.0,18619.0,8126.0,3810.0
13-09-2020,North America,739434.0,21864209.33,-0.5876470925751102,3710,3529,33,55,93,8344,166,3,18104,16,61,-0.14573310441940016,383,47,4,1,8,295,39222,127,104,16,7,2,0,1318716,974978,8956.23,23844,19294,13958,3237,141,328,24402,124692,83007,163338,1874675,146273,7082,2954.07,0.492455087,0,0.0,0,0,0,0,0.0,0.0,0,0.0,0,0,0.0,0,0,0,0,0.0,0,0,0.0,0,2332673.0,16987.0,0,0,0,0,0,0,,0.15034497,0,764598,779491,33085,600662,0.0,121759.6154,7187.5,0.0,294617.047,218323.6256,0.0,13692.21758,7.8,237696.65499947552,46481.47543760539,487.5414392638594,215.59562944922,137576.0,45372.0,27483.0,8126.0
20-09-2020,South America,703823.0,19586533.43,-1.278914427681062,2097,1951,33,31,82,9187,2876,4,0,0,0,-0.22913120056939543,295,17,3,2,6,408,0,0,0,0,0,0,0,2527517,1698084,15915.34,37926,33436,620423,8814,329,899,81125,138895,83004,178692,1983115,157386,7062,2605.09,0.480681296,0,0.0,0,0,0,0,0.0,0.0,0,0.0,0,0,0.0,0,0,0,0,0.0,0,0,0.0,0,2262629.0,9673.0,0,0,0,0,0,0,,0.15034497,0,788144,803660,33283,646143,0.0,121759.6154,7187.5,0.0,279617.047,218323.6256,0.0,13692.21758,7.8,205080.99299968532,36698.88526256323,452.85868987984026,191.56953114355954,102409.0,137576.0,21447.0,27483.0
27-09-2020,Africa,720789.0,19854375.68,1.6222590931515044,11393,10650,177,149,417,4626,5638,24,24495,105,171,-0.22912460105240962,566,61,4,2,0,0,0,0,0,0,0,0,0,1389342,1104961,8876.7,16834,13014,760216,15985,366,878,111891,119543,80315,158028,1832171,152654,6959,2836.74,0.476782207,0,0.0,0,0,0,0,0.0,0.0,0,0.0,0,0,0.0,0,0,0,0,0.0,0,0,0.0,0,41650.0,1826.0,0,0,0,0,0,0,,0.15034497,0,809959,826013,33372,672144,0.0,121759.6154,109487.5,0.0,230325.9756,231940.7966,0.0,41638.88425,7.8,353160.5957998112,30830.331157537938,594.273165976566,175.58568038862947,62463.0,102409.0,8810.0,21447.0
10-04-2020,Asia,712354.0,19321106.78,-0.26414657781842216,8820,6889,578,1107,246,4478,2912,37,0,0,0,-0.11361325524934182,1782,243,207,103,69,2801,100343,1294,691,460,143,275,6075,1063892,615097,4911.07,5036,2172,817053,20493,380,1219,131957,112476,82534,151517,1810770,154960,7274,2928.99,0.489142005,0,0.0,0,0,0,0,0.0,0.0,0,0.0,0,0,0.0,0,0,0,0,0.0,0,0,0.0,0,1591201.75,20632.64615,0,0,0,0,0,0,,0.029475474,0,832590,849076,33461,698481,0.0,121759.6154,109487.5,0.0,185608.7533,184440.7966,0.0,41638.88425,14.8,332999.35747988673,44812.19869452276,577.060965132703,211.68891963095933,230112.0,62463.0,8811.0,8810.0
10-11-2020,Europe,724474.0,19822472.5,-0.5115395038354122,3724,3541,41,49,93,11737,973,4,39321,210,321,-0.06132528217057213,1078,275,15,40,27,1590,16832,54,49,3,2,64,1823,2232622,1058188,8166.71,4680,1926,268317,15110,264,819,96247,113173,85488,152586,920936,166843,7816,3353.47,0.476391591,0,0.0,0,0,0,0,0.0,0.0,0,0.0,0,0,0.0,0,0,0,0,0.0,0,0,0.0,0,3583336.333,93374.5,48,222,0,0,0,0,,0.029475474,1,854343,871253,33533,719478,0.0,121759.6154,109487.5,0.0,185858.7533,185996.1091,0.0,41638.88425,6.7,306606.61448793206,61124.31921671366,553.7207007941206,247.23332950213987,121103.0,230112.0,26314.0,8811.0
18-10-2020,North America,703668.0,20397587.17,-0.8864706128927784,3757,3556,27,91,83,0,1893,5,0,0,0,-0.27053657013852345,77,10,2,2,3,0,0,0,0,0,0,0,0,718825,424636,4347.32,6484,3746,1006395,11985,542,1323,143434,110115,83422,148387,500668,166015,8206,3324.21,0.47736586,0,0.0,0,0,0,0,0.0,0.0,0,0.0,0,0,0.0,0,0,0,0,0.0,0,0,0.0,0,101172.0,5355.0,0,0,0,0,0,0,,0.029475474,0,881494,898799,33625,748252,0.0,121759.6154,110781.25,0.0,185858.7533,185996.1091,0.0,41638.88425,6.9,269104.9686927592,39210.59153002819,518.7532830669694,198.016644578248,106807.0,121103.0,34237.0,26314.0
25-10-2020,South America,675509.0,18716975.22,1.7646969200993112,10801,10218,123,187,273,0,694,37,0,0,0,-0.19209471124489014,1109,95,17,16,27,0,93642,1158,743,287,128,18,0,3248087,2345049,5033.58,884,474,7480,2141,176,650,21137,98434,81020,129272,796064,41729,2364,859.35,0.378311929,0,0.0,0,0,0,0,0.0,0.0,0,0.0,0,0,0.0,0,0,0,0,0.0,0,0,0.0,0,0.0,0.0,0,0,0,0,0,0,,0.029475474,0,910410,934760,33724,776580,135299.4505,206426.2821,111137.5,0.0,569537.3048,193996.1091,0.0,52287.09225,6.9,399805.98121565557,37948.354918016914,632.3021281125468,194.80337501700762,85141.0,106807.0,2536.0,34237.0
